{
  "Total" : {
    "transaction" : "Total",
    "sampleCount" : 692,
    "errorCount" : 586,
    "errorPct" : 84.68208,
    "meanResTime" : 7411.9971098265905,
    "medianResTime" : 7881.5,
    "minResTime" : 326.0,
    "maxResTime" : 12902.0,
    "pct1ResTime" : 11604.0,
    "pct2ResTime" : 12124.0,
    "pct3ResTime" : 12898.0,
    "throughput" : 6.393436564544145,
    "receivedKBytesPerSec" : 1.4427746429099375,
    "sentKBytesPerSec" : 0.9927308728149599
  },
  "Config3: Experiment 1" : {
    "transaction" : "Config3: Experiment 1",
    "sampleCount" : 692,
    "errorCount" : 586,
    "errorPct" : 84.68208,
    "meanResTime" : 7411.9971098265905,
    "medianResTime" : 7881.5,
    "minResTime" : 326.0,
    "maxResTime" : 12902.0,
    "pct1ResTime" : 11604.0,
    "pct2ResTime" : 12124.0,
    "pct3ResTime" : 12898.0,
    "throughput" : 6.393436564544145,
    "receivedKBytesPerSec" : 1.4427746429099375,
    "sentKBytesPerSec" : 0.9927308728149599
  }
}