{
  "Config 1 ($ 2100)" : {
    "transaction" : "Config 1 ($ 2100)",
    "sampleCount" : 180,
    "errorCount" : 180,
    "errorPct" : 100.0,
    "meanResTime" : 769.6111111111115,
    "medianResTime" : 769.5,
    "minResTime" : 715.0,
    "maxResTime" : 846.0,
    "pct1ResTime" : 796.9,
    "pct2ResTime" : 814.0,
    "pct3ResTime" : 835.47,
    "throughput" : 1.6204537270435722,
    "receivedKBytesPerSec" : 0.36555157319049336,
    "sentKBytesPerSec" : 0.25161342050774216
  },
  "Config 3 ($ 5000)" : {
    "transaction" : "Config 3 ($ 5000)",
    "sampleCount" : 180,
    "errorCount" : 0,
    "errorPct" : 0.0,
    "meanResTime" : 390.161111111111,
    "medianResTime" : 385.0,
    "minResTime" : 314.0,
    "maxResTime" : 570.0,
    "pct1ResTime" : 436.9,
    "pct2ResTime" : 457.0,
    "pct3ResTime" : 546.51,
    "throughput" : 1.626457034426674,
    "receivedKBytesPerSec" : 0.366905834914611,
    "sentKBytesPerSec" : 0.2525455746814855
  },
  "Total" : {
    "transaction" : "Total",
    "sampleCount" : 540,
    "errorCount" : 195,
    "errorPct" : 36.11111,
    "meanResTime" : 587.3907407407405,
    "medianResTime" : 601.0,
    "minResTime" : 314.0,
    "maxResTime" : 846.0,
    "pct1ResTime" : 783.9000000000001,
    "pct2ResTime" : 791.0,
    "pct3ResTime" : 821.0,
    "throughput" : 4.861361181130717,
    "receivedKBytesPerSec" : 1.09665471957148,
    "sentKBytesPerSec" : 0.7548402615232265
  },
  "Config 2 ($ 2900)" : {
    "transaction" : "Config 2 ($ 2900)",
    "sampleCount" : 180,
    "errorCount" : 15,
    "errorPct" : 8.333333,
    "meanResTime" : 602.4000000000004,
    "medianResTime" : 601.0,
    "minResTime" : 522.0,
    "maxResTime" : 687.0,
    "pct1ResTime" : 659.7,
    "pct2ResTime" : 666.95,
    "pct3ResTime" : 683.76,
    "throughput" : 1.6246073865482509,
    "receivedKBytesPerSec" : 0.366488580363912,
    "sentKBytesPerSec" : 0.2522583734972382
  }
}